category_name,video_count,unique_videos,total_views,avg_views,median_views,avg_likes,avg_dislikes,avg_comments,avg_like_ratio,avg_like_dislike_ratio,avg_days_to_trend,pct_share,like_ratio_pct,like_dislike_pct
Entertainment,64543,25471,88284916413,1367846.496335776,333565.0,36036.86013975179,3204.063337619881,5027.093007762267,0.027454338192313094,0.9081096152276673,1.4,32.443776452965245,2.7454338192313092,90.81096152276673
Music,30187,4298,240308322284,7960655.9871467855,1663852.0,208000.29045615662,8634.962533540927,17158.435551727565,0.04181018595037263,0.9571774092175246,4.8,15.17407433471735,4.181018595037263,95.71774092175247
People & Blogs,18853,8186,17457424991,925975.9715164695,232154.0,27131.78799130112,2012.6140136848246,3813.21285737018,0.03343161979839674,0.9116371946318849,1.3,9.476821924418664,3.343161979839674,91.16371946318849
News & Politics,16047,7940,7337708822,457263.58958060696,162701.0,6944.9446625537485,1017.7372717641927,1977.7211316757027,0.0167216388048731,0.8371619472628542,1.3,8.066332224110024,1.67216388048731,83.71619472628542
Comedy,15021,4474,17317757360,1152903.093003129,588664.0,53569.51514546302,1782.0248984754676,5429.8722455229345,0.04767122562330219,0.9531309356523741,1.6,7.55059365229368,4.767122562330219,95.31309356523741
Film & Animation,11016,3179,24190259031,2195920.3913398692,597287.0,45912.78240740741,1957.0895061728395,4969.172204066812,0.026752599968946755,0.9286184018794811,2.3,5.537403613186018,2.6752599968946753,92.8618401879481
Howto & Style,10671,3339,8166213870,765271.6587011527,302719.0,27027.890075906664,975.6073470152751,3877.866179364633,0.044637321324923145,0.9540550091219004,2.3,5.363982748393973,4.463732132492314,95.40550091219005
Sports,10351,4428,14061986492,1358514.78040769,355384.0,29328.135059414548,2106.521978552797,3463.219688918945,0.018072368061867614,0.9198440160595591,1.2,5.203128612934684,1.8072368061867614,91.98440160595591
Gaming,5580,1909,6073449101,1088431.7385304659,309790.0,40585.38207885305,2914.31541218638,6433.741577060932,0.04508237647352006,0.9439273315056218,2.0,2.804893987071349,4.508237647352006,94.39273315056218
Science & Technology,5432,1627,7603807662,1399817.3162739323,481914.0,35712.22625184094,1769.7665684830633,6689.15500736377,0.04024108711379238,0.944972113602829,2.3,2.730498949421428,4.024108711379238,94.49721136028289
Education,5175,2171,2446096203,472675.5947826087,209979.0,19862.042898550724,622.1078260869565,2295.51806763285,0.04641606161741695,0.9503985369030787,1.4,2.601312971880686,4.641606161741695,95.03985369030788
Pets & Animals,2077,473,1638543408,788899.0890707752,398478.0,22726.720269619644,561.7953779489649,3173.7289359653346,0.03931240281998904,0.9687471069205822,4.3,1.0440438729654464,3.9312402819989036,96.87471069205822
Autos & Vehicles,1826,996,1147438213,628388.9446878423,204006.5,10517.15717415115,507.6473165388828,1669.973165388828,0.03159194947935823,0.9336490861079838,0.9,0.9178739104645669,3.1591949479358226,93.36490861079838
Travel & Events,1039,330,640677043,616628.530317613,281002.0,10028.760346487006,515.9980750721847,1679.3657362848894,0.032427251693171094,0.9469339096692609,1.8,0.5222732710693784,3.2427251693171093,94.69339096692609
Unknown / Other,525,317,634177169,1207956.5123809525,55794.0,94312.94095238096,22434.062857142857,28169.325714285715,0.04778079092743018,0.8971348593724122,0.6,0.26390131598789573,4.778079092743018,89.71348593724122
Shows,513,208,342059857,666783.3469785575,601943.0,7163.69395711501,928.6374269005848,829.6081871345029,0.009710274697302552,0.8045675876688645,0.4,0.2578692859081724,0.9710274697302552,80.45675876688645
Nonprofits & Activism,57,14,168941392,2963884.0701754387,73649.0,259923.61403508772,58076.85964912281,84364.85964912281,0.037903813867303335,0.9294932005294176,4.3,0.02865214287868582,3.7903813867303335,92.94932005294176
Movies,24,2,69231514,2884646.4166666665,2289027.0,40807.916666666664,2044.0,2257.0416666666665,0.019430547608220966,0.9549243978490082,2.0,0.012064060159446662,1.9430547608220965,95.49243978490082
Trailers,1,1,8804,8804.0,8804.0,0.0,0.0,0.0,0.0,1.0,16.1,0.0005026691733102776,0.0,100.0
